epoch,Train_Loss,Val_AUC
0,0.7154405324030122,51.21951219512195
1,0.6970548308045296,50.0903342366757
2,0.6953019153124119,49.53443124174831
