epoch,Train_Loss,Val_AUC
0,0.4344211460790235,47.84281842818429
1,0.40966490912080394,52.65176151761517
2,0.4050230779172739,47.80691056910569
3,0.4012911450072285,47.7710027100271
