epoch,Train_Loss,Val_AUC
0,1.0316712624577846,70.7600055216556
1,0.9558902614201193,72.59329117681295
2,0.9302467429113271,74.08805269881113
